Price,Close,High,Low,Open,Volume,Close_lag_1,Close_lag_2,Close_lag_3,Close_lag_4,SMA_4
1996-05-01,7.854717254638672,7.960862367571737,7.270921354812935,7.270921354812934,2037606.0,7.217846870422363,6.302655220031738,6.390194416046143,6.477730751037598,6.941353440284729
1996-06-01,8.43851375579834,8.544658862324857,7.907789889145238,7.9077898891452385,1931729.0,7.854717254638672,7.217846870422363,6.302655220031738,6.390194416046143,7.453433275222778
1996-07-01,8.43851375579834,8.863093071251418,8.385441757861576,8.491585753735102,1591878.0,8.43851375579834,7.854717254638672,7.217846870422363,6.302655220031738,7.987397909164429
1996-08-01,8.279297828674316,8.544660077399369,8.06700814075959,8.385442950294967,862524.0,8.43851375579834,8.43851375579834,7.854717254638672,7.217846870422363,8.252760648727417
1996-09-01,8.067008018493652,8.544659947893997,7.960862898481768,8.332369707870228,1059468.0,8.279297828674316,8.43851375579834,8.43851375579834,7.854717254638672,8.305833339691162
1996-10-01,7.43013858795166,8.279297283717563,7.430138587951659,8.067007609776088,1010507.0,8.067008018493652,8.279297828674316,8.43851375579834,8.43851375579834,8.053739547729492
1996-11-01,7.323992729187012,7.8016445858566925,7.058630524889802,7.37706528111175,1759199.0000000002,7.43013858795166,8.067008018493652,8.279297828674316,8.43851375579834,7.77510929107666
1996-12-01,7.854717254638672,8.120080036971334,7.323993355952936,7.323993355952937,2950053.0,7.323992729187012,7.43013858795166,8.067008018493652,8.279297828674316,7.668964147567749
1997-01-01,8.916167259216309,9.128456400537718,7.589356516334613,7.589356516334613,2041860.0,7.854717254638672,7.323992729187012,7.43013858795166,8.067008018493652,7.881253957748413
1997-02-01,9.765326499938965,10.03068932724776,8.756950532798662,8.916167673857315,1927475.9999999998,8.916167259216309,7.854717254638672,7.323992729187012,7.43013858795166,8.46505093574524
1997-03-01,9.92454433441162,10.242978620959535,9.499963804810053,9.65918150341064,1259431.0,9.765326499938965,8.916167259216309,7.854717254638672,7.323992729187012,9.115188837051392
1997-04-01,10.937164306640623,11.262674858508658,9.928080346982028,9.928080346982028,1194788.0,9.92454433441162,9.765326499938965,8.916167259216309,7.854717254638672,9.88580060005188
1997-05-01,11.783493995666506,12.36941397551033,10.546552825182356,11.00226811276435,1899157.0,10.937164306640623,9.92454433441162,9.765326499938965,8.916167259216309,10.602632284164429
1997-06-01,11.457982063293457,12.56471965736601,10.93716557408397,11.913697342852556,2979310.0,11.783493995666504,10.937164306640623,9.92454433441162,9.765326499938965,11.02579617500305
1997-07-01,10.025733947753906,11.848594871951756,9.570018716704444,11.457980843622838,3883459.9999999995,11.457982063293455,11.783493995666504,10.937164306640623,9.92454433441162,11.051093578338621
1997-08-01,10.969714164733888,11.034816501134031,9.895529020134248,9.960631356534392,1939842.0,10.025733947753906,11.457982063293455,11.783493995666504,10.937164306640623,11.059231042861938
1997-09-01,9.89552879333496,11.523082624699072,9.700222923945065,11.034816248222992,3270180.0,10.969714164733888,10.025733947753906,11.457982063293455,11.783493995666504,10.587239742279053
1997-10-01,9.34216022491455,10.286141199831311,7.812259397796122,9.895528343474922,2737588.0,9.89552879333496,10.969714164733888,10.025733947753906,11.457982063293455,10.058284282684326
1997-11-01,9.50491714477539,10.2861429937339,8.788793071451966,9.30961011486858,2528780.0,9.34216022491455,9.89552879333496,10.969714164733888,10.025733947753906,9.928080081939697
1997-12-01,9.374711990356444,9.7002236906242,8.984099653036608,9.439814330409996,2192086.0,9.50491714477539,9.34216022491455,9.89552879333496,10.969714164733888,9.529329538345337
1998-01-01,9.049199104309082,9.37470958574929,8.495830491126917,9.309607262394444,930208.0000000001,9.374711990356444,9.50491714477539,9.34216022491455,9.89552879333496,9.317747116088867
1998-02-01,8.398179054260254,9.439813573230444,8.072667947769318,9.11430303440662,1685777.9999999998,9.049199104309082,9.374711990356444,9.50491714477539,9.34216022491455,9.081751823425293
1998-03-01,9.237996101379396,9.30960786698658,8.235422867873094,8.430729282954369,1622400.0,8.398179054260254,9.049199104309082,9.374711990356444,9.50491714477539,9.015021562576294
1998-04-01,9.872343063354492,10.388063401069662,9.356624477672597,9.356624477672597,4183845.0,9.237996101379396,8.398179054260254,9.049199104309082,9.374711990356444,9.139429330825806
1998-05-01,9.356622695922852,10.019689489537198,9.13560023671441,9.872341183398238,1716949.0,9.872343063354492,9.237996101379396,8.398179054260254,9.049199104309082,9.216285228729248
1998-06-01,8.656720161437988,9.393461855509308,8.214674560984086,9.393461855509308,949855.0000000001,9.356622695922852,9.872343063354492,9.237996101379396,8.398179054260254,9.280920505523682
1998-07-01,7.772629737854004,9.02509123293627,7.772629737854006,8.546208535868532,1072873.0,8.656720161437988,9.356622695922852,9.872343063354492,9.237996101379396,8.914578914642334
1998-08-01,5.636077404022217,7.809467355755167,5.636077404022217,7.809467355755167,2065843.0000000002,7.772629737854004,8.656720161437988,9.356622695922852,9.872343063354492,7.855512499809265
1998-09-01,4.309940814971924,6.262307701148835,4.12575539741068,5.525565446892769,4469258.0,5.636077404022217,7.772629737854004,8.656720161437988,9.356622695922852,6.593842029571533
1998-10-01,3.978406667709351,4.825660088242855,3.425849885966272,4.236266226650973,1846511.0,4.309940814971924,5.636077404022217,7.772629737854004,8.656720161437988,5.424263656139375
1998-11-01,6.483330249786377,6.7780269200463685,4.088918343896211,4.088918343896211,3954540.0,3.978406667709351,4.309940814971924,5.636077404022217,7.772629737854004,5.101938784122467
1998-12-01,5.3045430183410645,6.52016737487594,4.751986174091886,6.33598195479658,2052335.0,6.483330249786377,3.978406667709351,4.309940814971924,5.636077404022217,5.019055187702179
1999-01-01,5.009845733642578,5.525565490935841,4.420452392748673,5.525565490935841,1612736.0,5.3045430183410645,6.483330249786377,3.978406667709351,4.309940814971924,5.1940314173698425
1999-02-01,5.194031715393066,5.304542966357697,4.788823211178332,5.083520464428436,793693.0000000001,5.009845733642578,5.3045430183410645,6.483330249786377,3.978406667709351,5.4979376792907715
1999-03-01,5.746588230133057,5.967611326070232,4.862497890423272,5.267706120959935,1292932.0,5.194031715393066,5.009845733642578,5.3045430183410645,6.483330249786377,5.313752174377441
1999-04-01,5.967611312866211,6.3359821652612425,5.562402791220559,5.820262387897081,3041153.0,5.746588230133057,5.194031715393066,5.009845733642578,5.3045430183410645,5.479519248008728
1999-05-01,6.61649227142334,8.157834579974544,5.864617960032358,6.090180670653978,3758789.0,5.967611312866211,5.746588230133057,5.194031715393066,5.009845733642578,5.8811808824539185
1999-06-01,6.61649227142334,6.91724175757726,6.090180670653978,6.69167964296182,1446081.0,6.61649227142334,5.967611312866211,5.746588230133057,5.194031715393066,6.236796021461487
1999-07-01,6.428524494171143,6.917242458707623,6.0149933127878805,6.766867700388706,2020438.9999999998,6.61649227142334,6.61649227142334,5.967611312866211,5.746588230133057,6.407280087471008
1999-08-01,6.202963352203369,6.578900308334603,6.052588569750876,6.390931830268986,1150898.0,6.428524494171143,6.61649227142334,6.61649227142334,5.967611312866211,6.466118097305298
1999-09-01,6.2781500816345215,6.353337464935083,5.9022125691254415,6.202962698333961,1951449.9999999998,6.202963352203369,6.428524494171143,6.61649227142334,6.61649227142334,6.381532549858093
1999-10-01,6.390932083129883,6.466119477330962,5.639057545112732,6.278150991828264,901956.0,6.2781500816345215,6.202963352203369,6.428524494171143,6.61649227142334,6.325142502784729
1999-11-01,6.503712177276611,6.578899559949894,6.165368955246836,6.390931103266686,1341976.0,6.390932083129883,6.2781500816345215,6.202963352203369,6.428524494171143,6.343939423561096
1999-12-01,7.217991828918457,7.293179200344241,6.390930147228661,6.503711204367336,1370232.0,6.503712177276611,6.390932083129883,6.2781500816345215,6.202963352203369,6.597696542739868
2000-01-01,7.180401802062988,7.819494784839425,6.9172452719720905,7.067620687455381,2937670.0,7.217991828918457,6.503712177276611,6.390932083129883,6.2781500816345215,6.823259472846985
2000-02-01,7.368366718292235,7.669116209975866,7.18039828598997,7.180398285989969,3524496.0,7.180401802062988,7.217991828918457,6.503712177276611,6.390932083129883,7.067618131637573
2000-03-01,6.503712177276611,7.518742439372203,6.202962646583478,7.293180291352353,2017321.0,7.368366718292236,7.180401802062988,7.217991828918457,6.503712177276611,7.067618131637573
2000-04-01,6.353338718414307,7.142806994834277,6.240557621212366,6.466119815616247,2094624.0,6.503712177276611,7.368366718292236,7.180401802062988,7.217991828918457,6.851454854011536
2000-05-01,5.384879112243652,6.7500595713630025,5.157348534718852,6.446686269604456,1579175.0,6.353338718414307,6.503712177276611,7.368366718292236,7.180401802062988,6.402574181556702
2000-06-01,5.460721969604492,6.598372354888519,5.3848786506659465,5.422800310135219,1232359.0,5.384879112243652,6.353338718414307,6.503712177276611,7.368366718292236,5.925662994384766
2000-07-01,4.77813196182251,5.650330815496464,4.702288635520939,5.4607224997425385,3166874.0000000005,5.460721969604492,5.384879112243652,6.353338718414307,6.503712177276611,5.49426794052124
2000-08-01,5.081504821777344,5.081504821777344,4.247228004958099,4.702288223497197,3682943.0000000005,4.77813196182251,5.460721969604492,5.384879112243652,6.353338718414307,5.1763094663619995
2000-09-01,4.398915767669678,5.119427789009961,4.3230724286447,5.005663081075494,1650763.0,5.081504821777344,4.77813196182251,5.460721969604492,5.384879112243652,4.929818630218506
2000-10-01,4.43683671951294,4.474758683494456,3.678403151338658,4.474758683494456,1970567.0,4.398915767669678,5.081504821777344,4.77813196182251,5.460721969604492,4.673847317695618
2000-11-01,3.67840313911438,4.474758668623684,3.6025598126092926,4.360993378263106,4311120.0,4.43683671951294,4.398915767669678,5.081504821777344,4.77813196182251,4.398915112018585
2000-12-01,3.640480756759644,3.7542457240453406,3.299185554299662,3.678402412521543,2322165.0,3.67840313911438,4.43683671951294,4.398915767669678,5.081504821777344,4.03865909576416
2001-01-01,4.338240623474121,4.588523534037956,3.564638052759433,3.678403039434171,2818498.0,3.640480756759644,3.67840313911438,4.43683671951294,4.398915767669678,4.023490309715271
2001-02-01,4.82363748550415,5.157347895730522,4.398914434700076,4.398914434700076,1894720.0,4.338240623474121,3.640480756759644,3.67840313911438,4.43683671951294,4.120190501213074
2001-03-01,4.9146504402160645,4.9753247399160765,4.514196815684181,4.793300939007207,1231008.0,4.82363748550415,4.338240623474121,3.640480756759644,3.67840313911438,4.429252326488495
2001-04-01,4.429252624511719,4.975324277037585,4.332172611732331,4.9146499829823975,1395792.0,4.9146504402160645,4.82363748550415,4.338240623474121,3.640480756759644,4.626445293426514
2001-05-01,4.976625919342041,5.222384528780832,4.42366714564442,4.515827194922069,2278735.0,4.429252624511719,4.9146504402160645,4.82363748550415,4.338240623474121,4.786041617393494
2001-06-01,5.13022518157959,5.560302933177397,5.007345128223361,5.038064837168794,964712.0,4.976625919342041,4.429252624511719,4.9146504402160645,4.82363748550415,4.8626885414123535
2001-07-01,5.038065910339356,5.43128076462826,4.853746704223607,5.130226274381452,1532005.0,5.13022518157959,4.976625919342041,4.429252624511719,4.9146504402160645,4.893542408943176
2001-08-01,5.683182716369629,5.713902728248336,5.025776836435472,5.0687846095507725,1423328.0,5.038065910339356,5.13022518157959,4.976625919342041,4.429252624511719,5.207024931907654
2001-09-01,5.099503993988037,5.818350156535122,4.700145691225413,5.806062396076944,915773.9999999999,5.683182716369629,5.038065910339356,5.13022518157959,4.976625919342041,5.237744450569153
2001-10-01,4.976625919342041,5.222384528780832,4.669426668264175,5.099505071864609,1454496.0,5.099503993988037,5.683182716369629,5.038065910339356,5.13022518157959,5.199344635009766
2001-11-01,5.412847518920898,5.732334170230377,4.884464976756085,4.976625009178803,1320673.0,4.976625919342041,5.099503993988037,5.683182716369629,5.038065910339356,5.293040037155151
2001-12-01,5.3759846687316895,5.560303551694812,5.265392973681426,5.351409142356508,554200.0,5.412847518920898,4.976625919342041,5.099503993988037,5.683182716369629,5.2162405252456665
2002-01-01,5.855890274047852,5.968986248755105,5.372087437106689,5.466334912797868,806681.9999999999,5.3759846687316895,5.412847518920898,4.976625919342041,5.099503993988037,5.40533709526062
2002-02-01,6.126064777374268,6.440222408386134,5.811907768938755,5.874739419656399,638259.0,5.855890274047852,5.3759846687316895,5.412847518920898,4.976625919342041,5.692696809768677
2002-03-01,6.2580108642578125,6.4088063217718885,6.00668489420891,6.18889617580114,776547.0,6.126064777374268,5.855890274047852,5.3759846687316895,5.412847518920898,5.903987646102905
2002-04-01,5.843323707580566,6.333408973980824,5.679962159639268,6.295710107334651,537371.0,6.2580108642578125,6.126064777374268,5.855890274047852,5.3759846687316895,6.0208224058151245
2002-05-01,5.494321823120117,6.250832528665041,5.385332825770919,5.9495108286782,715662.0,5.843323707580566,6.2580108642578125,6.126064777374268,5.855890274047852,5.930430293083191
2002-06-01,4.9878435134887695,5.680243169509877,4.94296616092301,5.436621168311287,881902.0,5.494321823120117,5.843323707580566,6.2580108642578125,6.126064777374268,5.645874977111816
2002-07-01,4.680110454559326,5.051954749375434,4.487776508600412,5.032721418305152,582879.0,4.9878435134887695,5.494321823120117,5.843323707580566,6.2580108642578125,5.251399874687195
2002-08-01,4.487776279449463,4.71216555398258,4.359554608241469,4.667287572024744,299129.0,4.680110454559326,4.9878435134887695,5.494321823120117,5.843323707580566,4.912513017654419
2002-09-01,4.532654285430908,4.71216557895762,4.474954294860472,4.551887933249085,1917268.0,4.487776279449463,4.680110454559326,4.9878435134887695,5.494321823120117,4.672096133232117
2002-10-01,4.930144309997559,5.077599989574492,4.462133564798888,4.5198335718992375,617481.0,4.532654285430908,4.487776279449463,4.680110454559326,4.9878435134887695,4.657671332359314
2002-11-01,5.782820701599121,6.026443318946947,4.840388113301705,4.930143129021962,728960.0,4.930144309997559,4.532654285430908,4.487776279449463,4.680110454559326,4.933348894119263
2002-12-01,6.0264434814453125,6.1867211389988,5.693064886503796,5.7956435021068256,816861.0,5.782820701599121,4.930144309997559,4.532654285430908,4.487776279449463,5.318015694618225
2003-01-01,6.5713887214660645,6.635499412604332,5.9943886896844445,6.026444352881679,1091366.0,6.0264434814453125,5.782820701599121,4.930144309997559,4.532654285430908,5.827699303627014
2003-02-01,6.718843936920166,6.968876949498715,6.539332616301816,6.603443303107103,524173.99999999994,6.5713887214660645,6.0264434814453125,5.782820701599121,4.930144309997559,6.274874210357666
2003-03-01,6.391876697540283,6.712432024337509,6.122610045158897,6.699610014547583,915671.0,6.718843936920166,6.5713887214660645,6.0264434814453125,5.782820701599121,6.4271382093429565
2003-04-01,6.129021167755127,6.738076808571021,5.968743501278554,6.398287825307491,1861264.0000000002,6.391876697540283,6.718843936920166,6.5713887214660645,6.0264434814453125,6.45278263092041
2003-05-01,6.685842037200928,6.83104319418182,6.197439096776882,6.28323954263767,658726.0,6.129021167755127,6.391876697540283,6.718843936920166,6.5713887214660645,6.481395959854126
2003-06-01,6.534043788909912,6.712244674000146,6.402043109066146,6.685844276440592,417679.99999999994,6.685842037200928,6.129021167755127,6.391876697540283,6.718843936920166,6.4351959228515625
2003-07-01,6.369041442871094,6.646243270321639,6.303040789771533,6.567042748192912,637429.0,6.534043788909912,6.685842037200928,6.129021167755127,6.391876697540283,6.429487109184265
2003-08-01,6.547242164611816,6.666042945517519,6.230440082196609,6.402041646156081,2939226.0,6.369041442871094,6.534043788909912,6.685842037200928,6.129021167755127,6.5340423583984375
2003-09-01,6.600042819976807,6.732044134160176,6.501042488316184,6.593442885063019,630777.0,6.547242164611816,6.369041442871094,6.534043788909912,6.685842037200928,6.512592554092407
2003-10-01,7.029045581817627,7.128045901432117,6.600042016898757,6.606642604986304,1228824.0,6.600042819976807,6.547242164611816,6.369041442871094,6.534043788909912,6.636343002319336
2003-11-01,7.722050189971925,7.788050188551016,7.015845431144568,7.062045626342989,392533.99999999994,7.029045581817627,6.600042819976807,6.547242164611816,6.369041442871094,6.9745951890945435
2003-12-01,8.811057090759277,8.976058069248612,7.735250109350098,7.755050566836787,435133.00000000006,7.722050189971924,7.029045581817627,6.600042819976807,6.547242164611816,7.540548920631409
2004-01-01,7.920051097869874,10.164065324908554,7.642849286555239,8.778056268335382,850837.0,8.811057090759277,7.722050189971924,7.029045581817627,6.600042819976807,7.870550990104675
2004-02-01,8.580055236816406,8.692256082393488,7.926651274304057,8.005851794243545,849070.0,7.920051097869873,8.811057090759277,7.722050189971924,7.029045581817627,8.25830340385437
2004-03-01,8.487656593322754,8.698857805259934,8.071854105137527,8.58665693661372,359391.0,8.580055236816406,7.920051097869873,8.811057090759277,7.722050189971924,8.449705004692078
2004-04-01,8.4546537399292,8.64605508772778,8.316052515876965,8.494253996233155,640438.0,8.487656593322754,8.580055236816406,7.920051097869873,8.811057090759277,8.360604166984558
2004-05-01,8.531975746154785,8.961300123315706,8.347979777441335,8.729601521055963,526045.0,8.4546537399292,8.487656593322754,8.580055236816406,7.920051097869873,8.513585329055786
2004-06-01,8.859081268310547,8.920413714812318,8.518347555172088,8.518347555172088,543707.0,8.531975746154785,8.4546537399292,8.487656593322754,8.580055236816406,8.583341836929321
2004-07-01,8.641010284423828,8.913597613125106,8.572863283437444,8.859079742238295,411860.0,8.859081268310547,8.531975746154785,8.4546537399292,8.487656593322754,8.62168025970459
2004-08-01,9.199814796447754,9.38381076825944,8.491087821058231,8.654640771354845,295701.0,8.641010284423828,8.859081268310547,8.531975746154785,8.4546537399292,8.807970523834229
2004-09-01,9.567809104919434,9.574624347434709,9.138484614414374,9.199817070340512,178708.0,9.199814796447754,8.641010284423828,8.859081268310547,8.531975746154785,9.06692886352539
2004-10-01,9.81313705444336,10.18113041987276,9.499662250004318,9.601882104100142,262453.0,9.567809104919434,9.199814796447754,8.641010284423828,8.859081268310547,9.305442810058594
2004-11-01,10.358308792114258,10.39238296926664,9.540548122541365,9.540548122541365,354817.0,9.81313705444336,9.567809104919434,9.199814796447754,8.641010284423828,9.734767436981201
2004-12-01,10.774006843566896,11.026150553438285,10.35831149726364,10.392385683314748,402508.00000000006,10.358308792114258,9.81313705444336,9.567809104919434,9.199814796447754,10.128315448760986
2005-01-01,12.061979293823244,12.130127656509574,10.630897439628722,10.78082059636568,303077.0,10.774006843566896,10.358308792114258,9.81313705444336,9.567809104919434,10.751857995986938
2005-02-01,12.886555671691898,12.947888119461997,11.768949231544772,12.130128001312013,552332.0,12.061979293823242,10.774006843566896,10.358308792114258,9.81313705444336,11.520212650299072
2005-03-01,11.734875679016112,13.172773567911507,11.64628496103319,12.920630547423366,414976.0,12.886555671691896,12.061979293823242,10.774006843566896,10.358308792114258,11.864354372024536
2005-04-01,11.82346820831299,12.682117154687194,11.6871741674169,11.775764888852686,363443.0,11.734875679016112,12.886555671691896,12.061979293823242,10.774006843566896,12.12671971321106
2005-05-01,13.256402969360353,14.254195905956076,12.230100694643252,12.301371921343415,1380831.0,11.823468208312988,11.734875679016112,12.886555671691896,12.061979293823242,12.425325632095337
2005-06-01,14.175799369812013,14.204307296053234,13.277784156789226,13.277784156789226,542150.0,13.256402969360352,11.823468208312988,11.734875679016112,12.886555671691896,12.747636556625366
2005-07-01,15.230611801147461,15.430170138617596,14.05463989930738,14.18292841082562,954218.0,14.175799369812012,13.256402969360352,11.823468208312988,11.734875679016112,13.621570587158203
2005-08-01,15.82216262817383,15.886306889547068,14.681825539503569,15.251994083838698,708182.0,15.23061180114746,14.175799369812012,13.256402969360352,11.823468208312988,14.621244192123413
2005-09-01,20.362123489379883,20.504664550014787,15.750889599329266,15.857795747906037,1812329.0000000002,15.822162628173828,15.23061180114746,14.175799369812012,13.256402969360352,16.397674322128296
2005-10-01,18.744274139404297,21.666385338511468,18.06719942102549,20.45477698134764,5165805.0,20.362123489379883,15.822162628173828,15.23061180114746,14.175799369812012,17.539793014526367
2005-11-01,18.922447204589844,20.98930580208095,18.62310832259065,18.815539653931705,6178623.0,18.744274139404297,20.362123489379883,15.822162628173828,15.23061180114746,18.462751865386963
2005-12-01,16.242660522460938,20.732734872640492,16.107246426940865,19.02935761063741,6339980.000000001,18.922447204589844,18.744274139404297,20.362123489379883,15.822162628173828,18.56787633895874
2006-01-01,21.238754272460938,21.38129674036283,16.128624735687655,16.128624735687655,4070595.0000000005,16.242660522460938,18.922447204589844,18.744274139404297,20.362123489379883,18.787034034729004
2006-02-01,21.331411361694336,21.97997673090892,20.02002383181397,21.13185159144153,2651840.0,21.238754272460938,16.242660522460938,18.922447204589844,18.744274139404297,19.433818340301514
2006-03-01,18.872556686401367,21.52383763920752,18.067195049990747,21.381295181696768,4280057.0,21.331411361694336,21.238754272460938,16.242660522460938,18.922447204589844,19.421345710754395
2006-04-01,19.31443977355957,20.90378377421595,18.608857176869247,18.872559777777777,4796854.0,18.872556686401367,21.331411361694336,21.238754272460938,16.242660522460938,20.189290523529053
2006-05-01,19.45074844360352,22.27184866659734,18.98303992762087,20.23026214649784,3362623.0,19.31443977355957,18.872556686401367,21.331411361694336,21.238754272460938,19.742289066314697
2006-06-01,22.24215316772461,22.47972007329918,19.09439865720525,19.52498802989593,3637642.9999999995,19.45074844360352,19.31443977355957,18.872556686401367,21.331411361694336,19.969974517822266
2006-07-01,22.85833740234375,23.348317317036713,21.380972360390277,22.271844798811102,2045896.0000000002,22.24215316772461,19.45074844360352,19.31443977355957,18.872556686401367,20.96641969680786
2006-08-01,27.61709213256836,27.617092132568363,22.494567168782968,22.932580358435672,5196352.0,22.85833740234375,22.24215316772461,19.45074844360352,19.31443977355957,23.04208278656006
2006-09-01,31.165737152099606,31.833890397003437,26.56288799408599,27.98828629115033,5517820.0,27.61709213256836,22.85833740234375,22.24215316772461,19.45074844360352,25.970829963684082
2006-10-01,31.329061508178714,33.22216661460536,30.40849234667676,31.1805820416539,2487160.0,31.16573715209961,27.61709213256836,22.85833740234375,22.24215316772461,28.242557048797607
2006-11-01,29.658679962158203,34.99650085524494,29.027645720815627,31.36618991865828,4095321.0,31.32906150817871,31.16573715209961,27.61709213256836,22.85833740234375,29.94264268875122
2006-12-01,30.393644332885746,32.21251427420101,27.520576268885925,29.666097533343677,3116791.9999999995,29.658679962158203,31.32906150817871,31.16573715209961,27.61709213256836,30.636780738830566
2007-01-01,31.343914031982422,31.84131929228512,29.138999054957146,30.50500682833521,3766167.0,30.393644332885746,29.658679962158203,31.32906150817871,31.16573715209961,30.681324958801273
2007-02-01,35.52359390258789,39.666156940274135,31.32906407721755,31.418149998961724,6295302.000000001,31.343914031982425,30.393644332885746,29.658679962158203,31.32906150817871,31.729958057403568
2007-03-01,36.17690658569336,37.36473666676208,32.212517878767144,35.63495833880989,8716482.0,35.52359390258789,31.343914031982425,30.393644332885746,29.658679962158203,33.35951471328735
2007-04-01,38.7381706237793,39.5622302557458,36.25857084223531,36.288266154655616,4617834.0,36.17690658569336,35.52359390258789,31.343914031982425,30.393644332885746,35.44564628601074
2007-05-01,44.37574005126953,47.535645557015805,39.73105963296924,39.73105963296924,7272482.999999999,38.7381706237793,36.17690658569336,35.52359390258789,31.343914031982425,38.70360279083252
2007-06-01,46.57625198364258,47.55087268410745,41.76405831413232,44.05594355383965,6567830.0,44.37574005126953,38.7381706237793,36.17690658569336,35.52359390258789,41.46676731109619
2007-07-01,48.98997116088867,51.38845429253833,45.60163894968847,46.67524623090015,7253778.0,46.57625198364258,44.37574005126953,38.7381706237793,36.17690658569336,44.67003345489502
2007-08-01,46.71331405639648,51.24378025427896,39.746291312390746,49.1955522276881,8566973.0,48.98997116088867,46.57625198364258,44.37574005126953,38.7381706237793,46.663819313049316
2007-09-01,51.5483512878418,51.95190802728797,44.48234505313118,46.75138523694866,4239745.0,46.71331405639648,48.98997116088867,46.57625198364258,44.37574005126953,48.45697212219238
2007-10-01,56.59658050537109,59.20826432160673,50.07879966930853,51.548346377279024,5284043.0,51.5483512878418,46.71331405639648,48.98997116088867,46.57625198364258,50.96205425262451
2007-11-01,54.20571517944336,57.281862533028125,49.850373773561664,56.15495664854367,4868339.0,56.59658050537109,51.5483512878418,46.71331405639648,48.98997116088867,52.265990257263184
2007-12-01,58.09658432006836,60.7311073320949,54.28185371448871,54.51789402604812,6218207.0,54.20571517944336,56.59658050537109,51.5483512878418,46.71331405639648,55.11180782318115
2008-01-01,54.6092643737793,61.54583299901959,52.40113730400787,58.47729681695606,9716312.0,58.09658432006836,54.20571517944336,56.59658050537109,51.5483512878418,55.87703609466553
2008-02-01,56.59658050537109,58.08135844432797,52.80469508385599,55.020439323521046,7624597.000000001,54.6092643737793,58.09658432006836,54.20571517944336,56.59658050537109,55.87703609466552
2008-03-01,54.62450408935547,57.87578554536389,54.06105406154383,57.555986973575685,5850920.0,56.59658050537109,54.6092643737793,58.09658432006836,54.20571517944336,55.981733322143555
2008-04-01,61.18796920776367,62.383405198731964,56.7564862569819,56.75648625698191,8271375.0,54.62450408935547,56.59658050537109,54.6092643737793,58.09658432006836,56.75457954406738
2008-05-01,64.80443572998047,65.72067111304082,60.73571641229013,62.77784067344843,8041027.999999999,61.18796920776367,54.62450408935547,56.59658050537109,54.6092643737793,59.303372383117676
2008-06-01,63.76396942138672,67.4832729195811,61.488900619425344,64.80444474119311,6337485.000000001,64.80443572998047,61.18796920776367,54.62450408935547,56.59658050537109,61.09521961212158
2008-07-01,57.46677780151367,64.58703338892292,55.6265328392473,63.65526861832611,9620410.0,63.76396942138672,64.80443572998047,61.18796920776367,54.62450408935547,61.80578804016113
2008-08-01,54.60934066772461,59.71853488350416,51.86839003689665,57.451234200677526,9204603.0,57.46677780151367,63.76396942138672,64.80443572998047,61.18796920776367,60.16113090515137
2008-09-01,48.33544921875,58.25877527821115,40.76483487365815,53.964878899125154,9160035.0,54.60934066772461,57.46677780151367,63.76396942138672,64.80443572998047,56.04388427734375
2008-10-01,30.492099761962887,48.60721527732433,23.47278121037078,48.18015592724178,13169322.999999998,48.33544921875,54.60934066772461,57.46677780151367,63.76396942138672,47.72591686248779
2008-11-01,33.9318733215332,35.46928938917484,27.603617020705528,30.282448234173714,10396650.0,30.49209976196289,48.33544921875,54.60934066772461,57.46677780151367,41.842190742492676
2008-12-01,38.79259490966797,38.831417925942354,29.428329507884737,32.883633351809564,7408071.0,33.9318733215332,30.49209976196289,48.33544921875,54.60934066772461,37.888004302978516
2009-01-01,32.068336486816406,41.331658618334295,31.84315992341519,38.94788857892676,9246580.0,38.79259490966797,33.9318733215332,30.49209976196289,48.33544921875,33.82122611999512
2009-02-01,28.349027633666992,32.3789239229808,26.99020069184346,31.330684149914617,12430386.0,32.068336486816406,38.79259490966797,33.9318733215332,30.49209976196289,33.28545808792114
2009-03-01,36.37000274658203,36.90576966356497,26.407852549427613,27.95303338987437,10263241.0,28.349027633666992,32.068336486816406,38.79259490966797,33.9318733215332,33.89499044418335
2009-04-01,38.83917617797852,41.31612421910305,35.62457863815349,35.857519775235865,8703078.0,36.37000274658203,28.349027633666992,32.068336486816406,38.79259490966797,33.906635761260986
2009-05-01,48.191192626953125,48.67134564465323,39.66850590170743,40.02861987203842,7543345.999999999,38.83917617797852,36.37000274658203,28.349027633666992,32.068336486816406,37.937349796295166
2009-06-01,46.57468032836914,51.18413369770852,44.8541377059202,48.81538471283617,10519356.0,48.191192626953125,38.83917617797852,36.37000274658203,28.349027633666992,42.4937629699707
2009-07-01,53.37683868408203,53.86499419037125,44.42201468590944,47.2469039237097,5595848.0,46.57468032836914,48.191192626953125,38.83917617797852,36.37000274658203,46.7454719543457
2009-08-01,57.15401840209961,58.39440493183375,53.28879673659239,53.376826214042055,5396047.0,53.37683868408203,46.57468032836914,48.191192626953125,38.83917617797852,51.32418251037598
2009-09-01,62.22761917114258,62.83580728389489,54.16908068641768,57.21803950076088,6591309.999999999,57.15401840209961,53.37683868408203,46.57468032836914,48.191192626953125,54.83328914642334
2009-10-01,55.24141311645508,64.06820011601842,53.97701621424677,61.78747727918037,5699643.0,62.22761917114258,57.15401840209961,53.37683868408203,46.57468032836914,56.999972343444824
2009-11-01,57.178035736083984,60.891209658496905,55.065372189575896,55.0973817627386,6158049.999999999,55.24141311645508,62.22761917114258,57.15401840209961,53.37683868408203,57.95027160644531
2009-12-01,61.63542938232421,61.90751704316504,57.93026176844411,57.97027689864518,6071914.0,57.178035736083984,55.24141311645508,62.22761917114258,57.15401840209961,59.070624351501465
2010-01-01,59.72283554077149,63.4360091108709,56.6818756304157,62.04356743619528,4022176.0,61.63542938232422,57.178035736083984,55.24141311645508,62.22761917114258,58.44442844390869
2010-02-01,62.49970626831054,65.12452878353072,58.186344230094114,60.26699777107418,4085764.0,59.72283554077149,61.63542938232422,57.178035736083984,55.24141311645508,60.25900173187256
2010-03-01,70.56625366210938,71.12643384065163,62.47570456439061,62.47570456439061,4921225.0,62.49970626831055,59.72283554077149,61.63542938232422,57.178035736083984,63.606056213378906
2010-04-01,69.5099105834961,73.11904921514311,67.62131457565823,71.11841338891803,4420738.0,70.56625366210938,62.49970626831055,59.72283554077149,61.63542938232422,65.57467651367188
2010-05-01,72.04432678222656,73.33359945680945,62.65220950236946,71.06513414714877,4491286.0,69.5099105834961,70.56625366210938,62.49970626831055,59.72283554077149,68.65504932403564
2010-06-01,74.16590118408203,81.07738918154801,70.96719016830781,72.04430694499645,7565063.0,72.04432678222656,69.5099105834961,70.56625366210938,62.49970626831055,71.57159805297852
2010-07-01,79.73915100097656,82.49721832253606,70.5347156471898,70.53471564718981,7831983.0,74.16590118408203,72.04432678222656,69.5099105834961,70.56625366210938,73.86482238769531
2010-08-01,85.88359832763672,87.82566977321979,78.21323695166562,80.78362486866043,5252146.0,79.73915100097656,74.16590118408203,72.04432678222656,69.5099105834961,77.95824432373047
2010-09-01,92.94197082519533,96.29571523594012,86.36503925644489,86.65879954346183,6625286.0,85.88359832763672,79.73915100097656,74.16590118408203,72.04432678222656,83.18265533447266
2010-10-01,102.71762084960938,104.3251298825575,93.01541873845684,93.02358180204385,7241415.0,92.94197082519533,85.88359832763672,79.73915100097656,74.16590118408203,90.32058525085449
2010-11-01,97.8134765625,105.01056209387303,94.36997054615468,102.99504877648913,5402904.0,102.71762084960938,92.94197082519533,85.88359832763672,79.73915100097656,94.83916664123535
2010-12-01,97.03011322021484,105.0187112963325,95.91219409862624,98.768179295516,4516843.0,97.8134765625,102.71762084960938,92.94197082519533,85.88359832763672,97.62579536437988
2011-01-01,85.07576751708984,98.77634247101156,84.64328691213332,97.7155453807548,5643850.0,97.03011322021484,97.8134765625,102.71762084960938,92.94197082519533,95.65924453735352
2011-02-01,81.96682739257812,88.8864790601168,78.3438049730268,85.1492125621635,11303594.0,85.07576751708984,97.03011322021484,97.8134765625,102.71762084960938,90.4715461730957
2011-03-01,85.62248229980469,90.2165398621525,81.68938050975423,81.81177469590469,7721745.0,81.96682739257812,85.07576751708984,97.03011322021484,97.8134765625,87.42379760742188
2011-04-01,78.75995635986328,88.98438615467201,71.68526556483181,86.36503922815078,16257233.0,85.62248229980469,81.96682739257812,85.07576751708984,97.03011322021484,82.85625839233398
2011-05-01,84.45101928710938,89.85781788187997,77.36136637641954,80.79372826168317,13810598.0,78.75995635986328,85.62248229980469,81.96682739257812,85.07576751708984,82.70007133483887
2011-06-01,71.72962188720703,87.20856159938228,68.11398222741865,83.44296039549441,24763941.999999996,84.45101928710938,78.75995635986328,85.62248229980469,81.96682739257812,80.1407699584961
2011-07-01,81.39353942871094,83.55959475473982,68.85543942342274,71.97121593064549,10665025.0,71.72962188720703,84.45101928710938,78.75995635986328,85.62248229980469,79.08353424072266
2011-08-01,83.00975799560547,83.01809212830953,67.30588778185985,81.74345190991883,9148288.0,81.39353942871094,71.72962188720703,84.45101928710938,78.75995635986328,80.1459846496582
2011-09-01,76.81150817871094,86.13385483663306,73.42913201751892,83.31798828071832,8763032.0,83.00975799560547,81.39353942871094,71.72962188720703,84.45101928710938,78.2361068725586
2011-10-01,90.6242446899414,94.96467598541062,72.02953038752652,76.12003681037909,7519244.0,76.81150817871094,83.00975799560547,81.39353942871094,71.72962188720703,82.95976257324219
2011-11-01,90.490966796875,92.70700073006556,82.39326747033697,87.55013410020128,5226171.0,90.6242446899414,76.81150817871094,83.00975799560547,81.39353942871094,85.2341194152832
2011-12-01,91.19908142089844,93.17351762388432,84.70925662466017,90.63257844143247,4133452.0,90.490966796875,90.6242446899414,76.81150817871094,83.00975799560547,87.28145027160645
2012-01-01,94.68975830078124,96.6308778606261,86.97528484921935,92.45706301566969,5901520.0,91.19908142089844,90.490966796875,90.6242446899414,76.81150817871094,91.75101280212402
2012-02-01,102.37925720214844,104.01212640364436,94.47317024336648,95.07299664616308,5783073.0,94.68975830078124,91.19908142089844,90.490966796875,90.6242446899414,94.68976593017578
2012-03-01,109.8188018798828,110.0104142682652,102.22928711514386,102.74581177333198,5844998.0,102.37925720214844,94.68975830078124,91.19908142089844,90.490966796875,99.52172470092773
2012-04-01,109.06067657470705,114.42581668417202,104.85353828860512,109.96042598260378,6208856.0,109.8188018798828,102.37925720214844,94.68975830078124,91.19908142089844,103.98712348937988
2012-05-01,105.80091857910156,112.24546739483216,99.51747760219888,111.10071311864792,5491741.0,109.06067657470705,109.8188018798828,102.37925720214844,94.68975830078124,106.76491355895996
2012-06-01,106.7506332397461,109.16733804904146,99.0934876269004,104.26608541843176,5263679.0,105.80091857910156,109.06067657470705,109.8188018798828,102.37925720214844,107.85775756835938
2012-07-01,98.31336212158205,109.3284584662578,95.8627323138718,107.98867149694296,7193205.0,106.7506332397461,105.80091857910156,109.06067657470705,109.8188018798828,104.98139762878418
2012-08-01,102.20552825927734,102.90086368046906,93.40362168768584,98.61014436673418,7657011.999999999,98.31336212158205,106.7506332397461,105.80091857910156,109.06067657470705,103.26761054992676
2012-09-01,106.2333755493164,111.2279066328948,98.97477122196868,101.90874466212217,4187689.0000000005,102.20552825927734,98.31336212158205,106.7506332397461,105.80091857910156,103.37572479248047
2012-10-01,109.67613220214844,109.74396849765652,104.95295282682451,106.6404042038496,5405087.0,106.2333755493164,102.20552825927734,98.31336212158205,106.7506332397461,104.10709953308105
2012-11-01,118.63066864013672,121.08978149341085,109.20975152183566,109.63373510582305,6285014.999999999,109.67613220214844,106.2333755493164,102.20552825927734,98.31336212158205,109.18642616271973
2012-12-01,124.2781219482422,125.76206426146936,115.24726494731372,118.82568960398295,5532467.0,118.63066864013672,109.67613220214844,106.2333755493164,102.20552825927734,114.70457458496094
2013-01-01,132.9019775390625,135.97161728394195,124.82932309465325,127.1018795622706,4941276.0,124.2781219482422,118.63066864013672,109.67613220214844,106.2333755493164,121.37172508239746
2013-02-01,127.1781768798828,135.75111921986704,120.23331896557312,133.72448650235037,7426357.0,132.9019775390625,124.2781219482422,118.63066864013672,109.67613220214844,125.74723625183105
2013-03-01,140.8050079345703,140.84739553098424,126.40652085090817,126.6524307505603,5471165.0,127.1781768798828,132.9019775390625,124.2781219482422,118.63066864013672,131.29082107543945
2013-04-01,127.69542694091795,142.14479832359564,122.31083081654133,140.79652856826996,9114731.0,140.8050079345703,127.1781768798828,132.9019775390625,124.2781219482422,132.1451473236084
2013-05-01,116.69728851318358,132.0709324119211,116.65488747288111,127.49191581793721,5700682.0,127.69542694091795,140.8050079345703,127.1781768798828,132.9019775390625,128.09397506713867
2013-06-01,108.50593566894533,119.21576892301128,102.2733718469377,116.72273801677697,7923103.999999999,116.6972885131836,127.69542694091795,140.8050079345703,127.1781768798828,123.4259147644043
2013-07-01,100.73004913330078,112.74574883946278,94.16678132076616,109.40475818662246,14116373.000000002,108.50593566894533,116.6972885131836,127.69542694091795,140.8050079345703,113.40717506408691
2013-08-01,102.80758666992188,115.17095241731408,101.48475882374504,102.18857042891074,8625675.0,100.73004913330078,108.50593566894533,116.6972885131836,127.69542694091795,107.18521499633789
2013-09-01,108.9299087524414,113.17822019616015,101.9680919820137,103.45203432599281,6435360.0,102.80758666992188,100.73004913330078,108.50593566894533,116.6972885131836,105.24337005615234
2013-10-01,115.83236694335938,121.01345461464872,108.4211375922285,109.65068721901693,7846217.999999999,108.9299087524414,102.80758666992188,100.73004913330078,108.50593566894533,107.07497787475586
2013-11-01,108.96382904052734,116.80753116337412,105.25820783438702,115.59493395077938,7252221.0,115.83236694335938,108.9299087524414,102.80758666992188,100.73004913330078,109.1334228515625
2013-12-01,112.55074310302734,113.6531031114106,105.3345392685912,109.2012687525025,7978484.0,108.96382904052734,115.83236694335938,108.9299087524414,102.80758666992188,111.56921195983887
2014-01-01,111.86388397216795,119.23271904698343,107.61556547716084,111.88084304568584,10520185.0,112.55074310302734,108.96382904052734,115.83236694335938,108.9299087524414,112.30270576477051
2014-02-01,110.1510009765625,114.2636472686214,104.78336296127156,111.79605814902814,9279101.0,111.86388397216795,112.55074310302734,108.96382904052734,115.83236694335938,110.88236427307129
2014-03-01,116.95169067382812,116.95169067382812,105.71611316020258,109.40477542100786,6200959.0,110.1510009765625,111.86388397216795,112.55074310302734,108.96382904052734,112.87932968139648
2014-04-01,131.4949493408203,131.58305853690447,116.04434172789,117.29933986369166,8157858.000000001,116.95169067382812,110.1510009765625,111.86388397216795,112.55074310302734,117.61538124084473
2014-05-01,139.647705078125,145.9575448023796,132.20280498850346,133.32891917276382,7609700.000000001,131.4949493408203,116.95169067382812,110.1510009765625,111.86388397216795,124.56133651733398
2014-06-01,138.9505615234375,141.2296144156108,136.8770662001754,139.90686175595644,5637800.0,139.647705078125,131.4949493408203,116.95169067382812,110.1510009765625,131.76122665405273
2014-07-01,132.20278930664062,141.11343010628528,131.2911653775353,138.95056834308997,6128200.0,138.9505615234375,139.647705078125,131.4949493408203,116.95169067382812,135.57400131225586
2014-08-01,138.59304809570312,141.2027819420547,132.1402078998565,132.1402078998565,4765200.0,132.20278930664062,138.9505615234375,139.647705078125,131.4949493408203,137.34852600097656
2014-09-01,137.09158325195312,143.21374366497332,134.5980400067598,138.71820615175176,5275600.0,138.59304809570312,132.20278930664062,138.9505615234375,139.647705078125,136.7094955444336
2014-10-01,143.8929443359375,144.08063678555655,130.9693856950942,136.41230308444975,6188000.0,137.09158325195312,138.59304809570312,132.20278930664062,138.9505615234375,137.9450912475586
2014-11-01,148.0578155517578,151.66853973119595,141.56028489959166,143.32096382584905,4352600.0,143.8929443359375,137.09158325195312,138.59304809570312,132.20278930664062,141.9088478088379
2014-12-01,143.1601104736328,152.69638448359257,132.739051013858,147.1819641793906,5238300.0,148.0578155517578,143.8929443359375,137.09158325195312,138.59304809570312,143.0506134033203
2015-01-01,128.80653381347656,143.53546223614887,128.2345375199968,143.53546223614887,8021000.0,143.1601104736328,148.0578155517578,143.8929443359375,137.09158325195312,140.97935104370117
2015-02-01,129.7896270751953,138.88794302280257,128.52051103576784,128.92269348726475,5624400.0,128.80653381347656,143.1601104736328,148.0578155517578,143.8929443359375,137.45352172851562
2015-03-01,125.68739318847656,134.0617814383342,119.83335933817534,128.15412505745283,6367200.0,129.7896270751953,128.80653381347656,143.1601104736328,148.0578155517578,131.8609161376953
2015-04-01,136.3408203125,137.95849679211676,125.68738015539884,125.68738015539884,5915600.0,125.68739318847656,129.7896270751953,128.80653381347656,143.1601104736328,130.1560935974121
2015-05-01,127.9878387451172,143.17698645839076,127.0084771127294,139.05097640173437,6829300.0,136.3408203125,125.68739318847656,129.7896270751953,128.80653381347656,129.95141983032227
2015-06-01,125.97471618652342,131.28865171396367,122.88247425453885,128.92186442293715,6910399.999999999,127.9878387451172,136.3408203125,125.68739318847656,129.7896270751953,128.9976921081543
2015-07-01,119.60887908935548,128.93093510094724,117.16048164077502,126.81806857253288,4557000.0,125.97471618652344,127.9878387451172,136.3408203125,125.68739318847656,127.47806358337402
2015-08-01,99.73150634765624,121.69455754663137,74.15932186234632,119.37311360253294,11130800.0,119.60887908935548,125.97471618652344,127.9878387451172,136.3408203125,118.32573509216309
2015-09-01,96.44883728027344,101.28216255628816,90.79031400894706,97.50073900989968,9880100.0,99.73150634765624,119.60887908935548,125.97471618652344,127.9878387451172,110.44098472595215
2015-10-01,102.63331604003906,106.75025673211358,91.00794868923222,99.75871431674474,7867600.0,96.44883728027344,99.73150634765624,119.60887908935548,125.97471618652344,104.60563468933105
2015-11-01,95.76872253417967,107.90190345516412,94.33595332589184,102.69678784504028,7829500.000000001,102.63331604003906,96.44883728027344,99.73150634765624,119.60887908935548,98.64559555053711
2015-12-01,88.25123596191406,97.56422301408644,86.43760595289943,96.4941879504793,7629400.0,95.76872253417967,102.63331604003906,96.44883728027344,99.73150634765624,95.77552795410156
2016-01-01,91.91475677490234,91.9238268608664,76.82535772770206,86.56454760010753,7431500.0,88.25123596191406,95.76872253417967,102.63331604003906,96.44883728027344,94.64200782775879
2016-02-01,106.31497955322266,109.6339254896941,84.23403757892063,90.88099261980337,9707700.0,91.91475677490234,88.25123596191406,95.76872253417967,102.63331604003906,95.56242370605469
2016-03-01,118.80180358886722,122.32024948871558,106.53260720274002,107.21271831202645,9745100.0,106.31497955322266,91.91475677490234,88.25123596191406,95.76872253417967,101.32069396972656
2016-04-01,131.86898803710938,134.16322805197584,110.06916247626184,117.77709411227902,10287500.0,118.8018035888672,106.31497955322266,91.91475677490234,88.25123596191406,112.22513198852539
2016-05-01,129.22024536132812,141.229800824729,123.19243112815444,134.114390884333,8556000.0,131.86898803710938,118.8018035888672,106.31497955322266,91.91475677490234,121.55150413513184
2016-06-01,142.24366760253906,144.60317928184656,128.39995303134714,128.57507545601118,7387599.999999999,129.22024536132812,131.86898803710938,118.8018035888672,106.31497955322266,130.53367614746094
2016-07-01,147.77377319335938,150.37291785203027,136.2158342087847,142.69529337516656,5389200.0,142.24366760253906,129.22024536132812,131.86898803710938,118.8018035888672,137.77666854858398
2016-08-01,144.40960693359375,151.11948703862095,138.63986358155458,147.11015144420767,5985000.0,147.77377319335938,142.24366760253906,129.22024536132812,131.86898803710938,140.91182327270508
2016-09-01,140.29891967773438,153.2393734586477,138.6951823963879,144.43729121226525,5701100.0,144.40960693359375,147.77377319335938,142.24366760253906,129.22024536132812,143.68149185180664
2016-10-01,137.0361328125,141.10076744603984,132.9346369633287,140.66757432742867,5503200.0,140.29891967773438,144.40960693359375,147.77377319335938,142.24366760253906,142.37960815429688
2016-11-01,144.4188690185547,152.07807145814775,134.59370054176446,137.7182130837162,9639900.0,137.0361328125,140.29891967773438,144.40960693359375,147.77377319335938,141.5408821105957
2016-12-01,145.49720764160156,148.45582294359494,142.03167679542648,145.2206993041763,4855800.0,144.4188690185547,137.0361328125,140.29891967773438,144.40960693359375,141.81278228759766
2017-01-01,150.86138916015625,155.6541622558663,145.08243452337848,147.46959522070244,4278300.0,145.49720764160156,144.4188690185547,137.0361328125,140.29891967773438,144.45339965820312
2017-02-01,151.72779846191406,160.1888750934844,149.13786555039093,152.41906229511628,5585500.0,150.86138916015625,145.49720764160156,144.4188690185547,137.0361328125,148.12631607055664
2017-03-01,150.5111846923828,155.2025586334659,143.93956520849062,153.70020736964676,8596800.0,151.72779846191406,150.86138916015625,145.49720764160156,144.4188690185547,149.64939498901367
2017-04-01,141.6261444091797,153.552752574904,138.90717601245166,151.46052333346813,5357900.0,150.5111846923828,151.72779846191406,150.86138916015625,145.49720764160156,148.6816291809082
2017-05-01,158.49610900878906,166.74638496858103,143.93513146165614,145.49624419930674,8088000.000000001,141.6261444091797,150.5111846923828,151.72779846191406,150.86138916015625,150.5903091430664
2017-06-01,169.7266845703125,175.12910673273117,158.00410513228294,159.669292899291,6956200.000000001,158.49610900878906,141.6261444091797,150.5111846923828,151.72779846191406,155.09003067016602
2017-07-01,175.1669464111328,179.6043095364987,169.98214506564494,170.5781986417208,3971299.9999999995,169.7266845703125,158.49610900878906,141.6261444091797,150.5111846923828,161.25397109985352
2017-08-01,191.9134826660156,195.13979744867385,175.61162629601083,175.70624530587105,5580900.0,175.1669464111328,169.7266845703125,158.49610900878906,141.6261444091797,173.8258056640625
2017-09-01,193.9760589599609,202.31148267594045,189.6995366841689,192.6514650043053,5222900.0,191.9134826660156,175.1669464111328,169.7266845703125,158.49610900878906,182.69579315185547
2017-10-01,198.157958984375,200.58005545736296,190.32398438843975,194.5153437119488,4505300.0,193.9760589599609,191.9134826660156,175.1669464111328,169.7266845703125,189.8036117553711
2017-11-01,199.66232299804688,204.07130353037985,185.41357109411263,199.879929411854,6215100.0,198.157958984375,193.9760589599609,191.9134826660156,175.1669464111328,195.9274559020996
2017-12-01,200.96014404296875,207.6352555750429,183.77347326873263,205.47479978343344,6574300.0,199.66232299804688,198.157958984375,193.9760589599609,191.9134826660156,198.1891212463379
2018-01-01,224.40533447265625,230.56696307916727,201.75456512023896,202.96557691567855,4736800.0,200.96014404296875,199.66232299804688,198.157958984375,193.9760589599609,205.79644012451172
2018-02-01,209.6988067626953,225.0447452150548,200.57262333194683,224.96725346639403,5226800.0,224.40533447265625,200.96014404296875,199.66232299804688,198.157958984375,208.6816520690918
2018-03-01,219.95849609375,221.1307620597296,206.2304676447517,210.23165549599705,5427100.0,209.6988067626953,224.40533447265625,200.96014404296875,199.66232299804688,213.75569534301758
2018-04-01,225.238525390625,232.0686205215612,213.971266204434,219.23189467997,5854500.0,219.95849609375,209.6988067626953,224.40533447265625,200.96014404296875,219.82529067993164
2018-05-01,214.9261932373047,226.50631794090813,210.0631318318373,224.6620322474932,5260800.0,225.238525390625,219.95849609375,209.6988067626953,224.40533447265625,217.45550537109375
2018-06-01,218.5176696777344,225.65211459908085,210.0825278681345,216.75105438990693,5246400.0,214.9261932373047,225.238525390625,219.95849609375,209.6988067626953,219.66022109985352
2018-07-01,222.0606231689453,227.9040575654149,216.69280854237545,217.847895705902,3590800.0,218.5176696777344,214.9261932373047,225.238525390625,219.95849609375,220.18575286865234
2018-08-01,211.62591552734372,225.38033611609072,207.16081836189605,222.0218044483368,4782600.0,222.0606231689453,218.5176696777344,214.9261932373047,225.238525390625,216.78260040283203
2018-09-01,216.5375061035156,222.8177549708201,201.32707802256283,209.7136832996564,4000799.9999999995,211.62591552734372,222.0606231689453,218.5176696777344,214.9261932373047,217.18542861938474
2018-10-01,219.09039306640625,227.31197163387827,205.8601283973788,217.6246688041041,3125600.0,216.5375061035156,211.62591552734372,222.0606231689453,218.5176696777344,217.3286094665527
2018-11-01,212.858642578125,226.4189307248512,209.59718427688875,220.2066362516765,3444100.0000000005,219.09039306640625,216.5375061035156,211.62591552734372,222.0606231689453,215.02811431884763
2018-12-01,215.16883850097656,223.25453721304584,204.3652555040581,220.128972507161,4055700.0,212.858642578125,219.09039306640625,216.5375061035156,211.62591552734372,215.91384506225586
2019-01-01,235.65974426269534,235.99948538329667,213.59637410379904,213.73226758978376,5195200.0,215.16883850097656,212.858642578125,219.09039306640625,216.5375061035156,220.69440460205078
2019-02-01,235.96064758300778,243.0659735715532,222.2256450184879,234.912320069389,4298200.0,235.6597442626953,215.16883850097656,212.858642578125,219.09039306640625,224.91196823120117
2019-03-01,232.9127197265625,245.08495366171064,226.02095811493115,235.80531784492956,3616199.9999999995,235.9606475830078,235.6597442626953,215.16883850097656,212.858642578125,229.92548751831055
2019-04-01,229.95217895507807,239.14444350346588,221.34232350101075,236.04799761417678,4332700.0,232.9127197265625,235.9606475830078,235.6597442626953,215.16883850097656,233.62132263183594
2019-05-01,217.23638916015625,232.9030341138808,208.3644479749094,231.07816607645185,8003699.999999999,229.95217895507807,232.9127197265625,235.9606475830078,235.6597442626953,229.01548385620117
2019-06-01,222.19651794433597,225.5841535449299,211.7617945609603,218.00320804271925,10619400.0,217.23638916015625,229.95217895507807,232.9127197265625,235.9606475830078,225.5744514465332
2019-07-01,211.59678649902344,233.81546713466437,210.9270204748989,224.26404376431245,6683100.0,222.19651794433597,217.23638916015625,229.95217895507807,232.9127197265625,220.24546813964844
2019-08-01,201.0455780029297,214.71264141129396,193.96938570667743,211.76180507610675,7252400.000000001,211.59678649902344,222.19651794433597,217.23638916015625,229.95217895507807,213.01881790161133
2019-09-01,202.32684326171875,210.35430362733788,197.43464883184785,200.0166395136532,6544099.999999999,201.0455780029297,211.59678649902344,222.19651794433597,217.23638916015625,209.29143142700195
2019-10-01,207.7626190185547,209.25746212563797,194.34794028376825,199.34689493441996,6188700.0,202.32684326171875,201.0455780029297,211.59678649902344,222.19651794433597,205.68295669555664
2019-11-01,204.9962158203125,212.69363743698668,196.56107402683767,208.69447365812397,4740600.0,207.7626190185547,202.32684326171875,201.0455780029297,211.59678649902344,204.0328140258789
2019-12-01,206.8793029785156,210.0728069537696,197.2890600434374,205.335923429354,4570100.0,204.9962158203125,207.7626190185547,202.32684326171875,201.0455780029297,205.4912452697754
2020-01-01,200.5214080810547,213.79049152091304,199.1430557246524,207.4228860615362,4762500.0,206.8793029785156,204.9962158203125,207.7626190185547,202.32684326171875,205.03988647460938
2020-02-01,175.9536895751953,213.06247008029067,169.90639331380845,201.7929693619527,6133500.0,200.5214080810547,206.8793029785156,204.9962158203125,207.7626190185547,197.08765411376953
2020-03-01,138.87403869628906,193.1540106823947,114.53928655379408,176.62346907059262,12279900.0,175.9536895751953,200.5214080810547,206.8793029785156,204.9962158203125,180.55710983276367
2020-04-01,144.6495361328125,145.79492190853563,125.39139365495937,134.22451420213514,10196800.0,138.87403869628906,175.9536895751953,200.5214080810547,206.8793029785156,164.9996681213379
2020-05-01,133.77801513671875,144.11566547030338,127.51716921589129,141.96077255836138,7600700.0,144.6495361328125,138.87403869628906,175.9536895751953,200.5214080810547,148.3138198852539
2020-06-01,129.7497100830078,167.07204138446804,129.04112374869578,134.84573751823558,11277400.0,133.77801513671875,144.6495361328125,138.87403869628906,175.9536895751953,136.76282501220703
2020-07-01,123.44034576416016,133.56446154857554,120.24683427226276,129.52646282383895,9386700.0,129.7497100830078,133.77801513671875,144.6495361328125,138.87403869628906,132.9044017791748
2020-08-01,126.65327453613281,128.8081674950764,118.77142287699648,123.207393484991,6823100.000000001,123.44034576416016,129.7497100830078,133.77801513671875,144.6495361328125,128.40533638000488
2020-09-01,120.35361480712889,130.3030098490878,117.57749239615347,126.2941298960152,5625500.0,126.6532745361328,123.44034576416016,129.7497100830078,133.77801513671875,125.04923629760741
2020-10-01,111.31665802001952,126.52709289954223,108.13285525188688,120.20800911109933,9518900.0,120.3536148071289,126.6532745361328,123.44034576416016,129.7497100830078,120.44097328186035
2020-11-01,149.3961181640625,150.55122011404458,107.23012775819528,112.36498308312362,13528100.0,111.31665802001952,120.3536148071289,126.6532745361328,123.44034576416016,126.92991638183594
2020-12-01,159.20962524414062,163.73294549782287,148.82343782877356,151.97812182197677,7167200.0,149.3961181640625,111.31665802001952,120.3536148071289,126.6532745361328,135.0690040588379
2021-01-01,145.92111206054688,162.56812962673456,145.60078854838704,159.64641246859037,7138599.999999999,159.20962524414062,149.3961181640625,111.31665802001952,120.3536148071289,141.46087837219238
2021-02-01,155.3172149658203,164.5288971969925,146.59088352585894,147.60037584715516,5982600.0,145.92111206054688,159.20962524414062,149.3961181640625,111.31665802001952,152.46101760864258
2021-03-01,132.56468200683594,158.9087194660508,131.48723549554362,157.70508085528482,8793300.0,155.3172149658203,145.92111206054688,159.20962524414062,149.3961181640625,148.25315856933594
2021-04-01,115.89823150634766,149.4834792620088,114.54899809766768,132.46760128156683,15437900.0,132.56468200683594,155.3172149658203,145.92111206054688,159.20962524414062,137.4253101348877
2021-05-01,133.4382781982422,142.46553056927127,109.9868396203135,116.47092873918484,16630100.0,115.89823150634766,132.56468200683594,155.3172149658203,145.92111206054688,134.30460166931152
2021-06-01,117.5580825805664,145.89199968270594,111.23900599833712,133.89449357152716,16337200.0,133.4382781982422,115.89823150634766,132.56468200683594,155.3172149658203,124.86481857299805
2021-07-01,97.99903869628906,120.76130025404906,96.50420301204136,117.89781357239643,9458900.0,117.5580825805664,133.4382781982422,115.89823150634766,132.56468200683594,116.22340774536133
2021-08-01,103.50274658203124,107.52132783227891,86.06947938015949,104.5607828504858,15976600.0,97.99903869628906,117.5580825805664,133.4382781982422,115.89823150634766,113.12453651428223
2021-09-01,107.68635559082033,112.40382217077948,99.9889262244428,104.240466979253,8950500.0,103.50274658203124,97.99903869628906,117.5580825805664,133.4382781982422,106.68655586242676
2021-10-01,125.85733032226561,130.73009291414635,106.5894859253182,107.5019199406689,9128800.0,107.68635559082033,103.50274658203124,97.99903869628906,117.5580825805664,108.76136779785156
2021-11-01,114.53929138183594,130.86600087296566,110.25862447972315,126.26501044641462,8103100.0,125.85733032226562,107.68635559082033,103.50274658203124,97.99903869628906,112.89643096923828
2021-12-01,118.48992919921876,121.78050664387382,104.88111119509568,116.26708945951744,9310300.0,114.53929138183594,125.85733032226562,107.68635559082033,103.50274658203124,116.64322662353516
2022-01-01,139.01962280273438,142.7178801617664,117.61630566178049,118.35401833743683,6487900.0,118.48992919921876,114.53929138183594,125.85733032226562,107.68635559082033,124.47654342651367
2022-02-01,146.8141326904297,156.0840527911555,128.8372839983014,137.83541713746126,9555500.0,139.01962280273438,118.48992919921876,114.53929138183594,125.85733032226562,129.7157440185547
2022-03-01,166.82937622070312,176.76906189856868,142.6014136721178,146.43556474950398,13041200.000000002,146.8141326904297,139.01962280273438,118.48992919921876,114.53929138183594,142.78826522827148
2022-04-01,134.81663513183594,171.4303846032968,130.30301620129742,170.45001120340024,13489100.0,166.82937622070312,146.8141326904297,139.01962280273438,118.48992919921876,146.86994171142578
2022-05-01,136.262939453125,140.64066482029483,115.32553740304613,135.15637397082614,11258400.0,134.81663513183594,166.82937622070312,146.8141326904297,139.01962280273438,146.18077087402344
2022-06-01,116.74504089355467,139.49819702993767,115.10938333089122,136.82078186312685,5676100.0,136.262939453125,134.81663513183594,166.82937622070312,146.8141326904297,138.6634979248047
2022-07-01,125.98454284667969,129.0903466968859,110.22187521693394,116.37506153764224,6391200.000000001,116.74504089355467,136.262939453125,134.81663513183594,166.82937622070312,128.45228958129883
2022-08-01,125.48801422119139,140.00447601379707,123.96919199491434,125.21540586550276,7222800.0,125.98454284667967,116.74504089355467,136.262939453125,134.81663513183594,126.1201343536377
2022-09-01,119.55875396728514,129.48952673027893,115.20673635410756,125.14723982356816,6439400.0,125.4880142211914,125.98454284667967,116.74504089355467,136.262939453125,121.94408798217773
2022-10-01,142.4969024658203,142.89608428876775,119.6561181842719,121.00942924349768,7252100.0,119.55875396728516,125.4880142211914,125.98454284667967,116.74504089355467,128.38205337524414
2022-11-01,149.49713134765625,154.75459524068626,137.96964549612704,144.13255539658414,6782000.000000001,142.4969024658203,119.55875396728516,125.4880142211914,125.98454284667967,134.26020050048828
2022-12-01,132.07931518554688,150.1883671309368,128.16541722729468,149.3997491156558,9872600.0,149.49713134765625,142.4969024658203,119.55875396728516,125.4880142211914,135.90802574157715
2023-01-01,130.75521850585938,145.816896420486,128.253045299576,133.38395032201953,8172500.0,132.07931518554688,149.49713134765625,142.4969024658203,119.55875396728516,138.7071418762207
2023-02-01,124.05680847167966,135.5648323755117,121.56438081999076,130.463134312433,8941600.0,130.75521850585938,132.07931518554688,149.49713134765625,142.4969024658203,134.09711837768555
2023-03-01,128.8956298828125,132.70243090400126,117.61154584928154,124.7870135374959,11948500.0,124.05680847167967,130.75521850585938,132.07931518554688,149.49713134765625,128.9467430114746
2023-04-01,131.90406799316406,131.96248194576037,124.40730867047655,129.2363984509946,4268500.0,128.8956298828125,124.05680847167967,130.75521850585938,132.07931518554688,128.9029312133789
2023-05-01,126.03322601318361,144.2201840467715,123.2973970000679,132.06957699874047,8629700.0,131.90406799316406,128.8956298828125,124.05680847167967,130.75521850585938,127.72243309020995
2023-06-01,144.461669921875,146.69258588258148,127.50474080637109,128.07225661115493,6788300.0,126.0332260131836,131.90406799316406,128.8956298828125,124.05680847167967,132.8236484527588
2023-07-01,153.66909790039062,155.11723291425884,142.87654820716736,144.36381554884633,4470000.0,144.461669921875,126.0332260131836,131.90406799316406,128.8956298828125,139.01701545715332
2023-08-01,138.38536071777344,156.70236740462855,133.56149838230718,152.90590419662584,5213400.0,153.66909790039062,144.461669921875,126.0332260131836,131.90406799316406,140.63733863830566
2023-09-01,125.2151107788086,140.7141095852884,124.78458054580025,139.12898911857903,3794900.0,138.38536071777344,153.66909790039062,144.461669921875,126.0332260131836,140.4328098297119
2023-10-01,122.26991271972656,127.2894735473786,118.88439904200301,125.34232298677672,5097700.0,125.2151107788086,138.38536071777344,153.66909790039062,144.461669921875,134.8848705291748
2023-11-01,122.82764434814452,128.9822443641996,113.91375981169229,123.01355650081938,7006600.0,122.26991271972656,125.2151107788086,138.38536071777344,153.66909790039062,127.17450714111328
2023-12-01,146.70236206054688,151.7904305643906,120.08792281538865,122.79828812112424,7108700.0,122.82764434814452,122.26991271972656,125.2151107788086,138.38536071777344,129.25375747680664
2024-01-01,145.23464965820312,148.9528477256763,141.11528925792422,144.7649870915624,3765400.0,146.70236206054688,122.82764434814452,122.26991271972656,125.2151107788086,134.25864219665527
2024-02-01,167.2013702392578,169.65733061404703,143.83544430506433,145.0976671449382,5359100.0,145.23464965820312,146.70236206054688,122.82764434814452,122.26991271972656,145.4915065765381
2024-03-01,165.78257751464844,175.66515508141146,163.27769046960788,168.37553842588056,4798600.0,167.2013702392578,145.23464965820312,146.70236206054688,122.82764434814452,156.23023986816406
2024-04-01,162.04481506347656,171.48706776896773,154.94111080113535,165.60645400890797,5853100.0,165.78257751464844,167.2013702392578,145.23464965820312,146.70236206054688,160.06585311889648
2024-05-01,161.7610626220703,176.33051590661935,156.84912704558516,162.89607924702352,5457700.0,162.04481506347656,165.78257751464844,167.2013702392578,145.23464965820312,164.19745635986328
2024-06-01,158.72030639648438,163.9837550821332,150.89890964972489,163.84602034111714,5046200.0,161.7610626220703,162.04481506347656,165.78257751464844,167.2013702392578,162.07719039916992
2024-07-01,167.87969970703125,171.59855262681037,153.96843118920103,159.59590476333506,4736900.0,158.72030639648438,161.7610626220703,162.04481506347656,165.78257751464844,162.60147094726562
2024-08-01,175.46498107910156,175.5732022977923,150.7906783252476,168.8930302759862,4292800.0,167.87969970703125,158.72030639648438,161.7610626220703,162.04481506347656,165.95651245117188
2024-09-01,178.0426025390625,183.3454124663643,166.22688355772067,174.2843882431321,4644400.0,175.46498107910156,167.87969970703125,158.72030639648438,161.7610626220703,170.02689743041992
2024-10-01,184.1300048828125,193.25,178.14999389648438,180.6999969482422,4733200.0,178.0426025390625,175.46498107910156,167.87969970703125,158.72030639648438,176.37932205200195
2024-11-01,185.47000122070312,200.0,175.8000030517578,183.8000030517578,4736900.0,184.1300048828125,178.0426025390625,175.46498107910156,167.87969970703125,180.77689743041992
2024-12-01,183.32000732421875,196.50999450683597,177.97999572753906,187.4900054931641,6118900.0,185.47000122070312,184.1300048828125,178.0426025390625,175.46498107910156,182.74065399169922
2025-01-01,183.1000061035156,192.6100006103516,177.85000610351562,182.83999633789065,5297900.0,183.32000732421875,185.47000122070312,184.1300048828125,178.0426025390625,184.0050048828125
2025-02-01,183.0200042724609,194.52999877929688,177.47000122070312,179.97999572753906,5664600.0,183.1000061035156,183.32000732421875,185.47000122070312,184.1300048828125,183.7275047302246
2025-03-01,186.16000366210935,197.6499938964844,178.6699981689453,184.1199951171875,6342300.0,183.0200042724609,183.1000061035156,183.32000732421875,185.47000122070312,183.90000534057614
2025-04-01,202.19000244140625,202.5399932861328,165.50999450683594,186.8999938964844,7088300.0,186.16000366210935,183.0200042724609,183.1000061035156,183.32000732421875,188.61750411987302
2025-05-01,211.80999755859372,212.92999267578125,193.1300048828125,201.05999755859372,6659499.999999999,202.19000244140625,186.16000366210935,183.0200042724609,183.1000061035156,195.79500198364255
2025-06-01,223.8999938964844,224.27999877929688,209.4600067138672,212.94000244140625,6743587.000000001,211.80999755859372,202.19000244140625,186.16000366210935,183.0200042724609,206.01499938964844
